"","Gene","Proportion","Counts","No.Sites"
"1","Core",2.47787610619469,14,565
"2","E1",4.90018148820327,27,551
"3","HVR1",16.6666666666667,7,42
"4","E2",8.43881856540084,80,948
"5","NS1(P7)",5.81395348837209,10,172
"6","NS2",7.85953177257525,47,598
"7","NS3",5.11811023622047,91,1778
"8","NS4A",3.35570469798658,5,149
"9","NS4B",4.88145048814505,35,717
"10","NS5A",5.55102040816327,68,1225
"11","NS5B",3.57917570498915,33,922
