"","Mutation.Type","Mean.diff"
"1","Overall",0.000204150964157109
"2","Syn",-0.000176163396011182
"3","Nonsyn",0.000390536492104018
"4","Syn-CpG",1.73158473935985e-06
"5","Syn-nonCpG",6.61955009669038e-05
"6","NS-CpG",0.00019422864993679
"7","NS-nonCPG",0.000111620233576743
