"","Gene","counts","length","Proportion"
"1","Core","573",102,2.55928947332819
"2","E1","576",30,0.0413975021533162
"3","HVR1","81",3,-0.25945066513542
"4","E2","1008",5,-0.900819285509208
"5","NS1(P7)","189",3,-0.682621713629466
"6","NS2","651",0,-1
"7","NS3","1893",45,-0.524687035467266
"8","NS4A","162",2,-0.753150221711807
"9","NS4B","783",14,-0.642493424548134
"10","NS5A","1344",41,-0.390038605881629
"11","NS5B","1776",142,0.598685895197523
