"","Gene","No_sites","No_conserved","mean_diff","meanMF_syn","menaMF_ns","a","t","c","g","CpG","noCpG","Max.pos","Max_base","Max_codon","No_codon1","No_codon2","No_codon3"
"1","NS3",1802,44,0.000194980572629447,0.00860599132315241,0.00308940740318155,368,371,558,505,280,459,4919,"t",3,3,0,41
"2","NS5A",1250,41,0.000182071983908513,0.00793650080858468,0.0034113117942022,253,255,390,352,166,342,6759,"t",1,4,0,37
"3","NS5B",926,142,0.0013808177398414,0.00680172930502527,0.00315742314654603,230,188,256,252,148,270,8303,"t",3,9,2,131
