"","data","mean","Syn","Nonsyn","Stop","CpGmaking_Syn","NoCpGmaking_Syn","P_value.Wilcoxon.Test_syn","CpGmaking_Nonsyn","NoCpGmaking_Nonsyn","P_value.Wilcoxon.Test_nonsyn"
"1","Ts",0.00480424892013449,0.00802862059536585,0.00334012827410497,0.00202238115085714,0.0113635906512354,0.0120598687172304,0.0102002093052212,0.0047992713120897,0.00454552134215722,5.47636875713679e-12
"2","Ts_zero",0.00202740239174042,0.00516421185459251,0.000566801331899356,0.000184924340894225,0.00768856210961022,0.0084935077026734,0.00758780790876961,0.0047992713120897,0.000756117736626319,2.13841416831988e-06
"3","Ts_NA",0.0275668734271124,0.0325894412014534,0.0238518025355738,0.0267798359118274,0.029960098991515,NA,NA,0.0047992713120897,NA,NA
