"","codon","highFst","genome","difference"
"1","1",83,2019,-17.7659659703406
"2","2",59,2324,-49.2161397691607
"3","3",130,1093,137.921129110382
