"","codon","highFst","genome","difference"
"1","1",75,2297,-34.6248730227833
"2","2",38,2540,-70.0454943132109
"3","3",202,1468,175.510142294883
