"","codon","highFst","genome","difference"
"1","1",58,2019,-42.5352533286717
"2","2",39,2324,-66.4310076440215
"3","3",175,1093,220.278443033206
