"","codon","highFst","genome","difference"
"1","1",72,2297,-37.239878101872
"2","2",41,2540,-67.6806649168854
"3","3",202,1468,175.510142294883
