"","codon","highFst","genome","difference"
"1","1",85,2040,-16.5609903381643
"2","2",44,2341,-62.3615573674077
"3","3",147,1142,157.769549988578
