"","codon","highFst","genome","difference"
"1","1",61,2040,-40.1202401250355
"2","2",54,2341,-53.8073658600004
"3","3",161,1142,182.319030939872
