"","CpG","3A","genome","diff"
"1","0",245,4721,3.92318932675158
"2","1",31,802,-22.5952329321623
