"","CpG","1A","genome","diff"
"1","0",285,5372,6.22362869198313
"2","1",30,933,-35.6198642372276
