"","CpG","3A","genome","diff"
"1","0",233,4650,0.233475648323843
"2","1",39,786,-0.74511674898968
