"","CpG","1B","genome","diff"
"1","0",247,4672,5.87038725928132
"2","1",29,851,-31.7584597830345
