"","CpG","1B","genome","diff"
"1","0",272,5372,1.37834036568214
"2","1",43,933,-7.72180540669286
