"","CpG","1A","genome","diff"
"1","0",244,4610,5.87629194844967
"2","1",28,826,-32.190927218345
