"","test","G","Pvalue"
"1","gene",59.1092124932492,1.35657299837888e-08
"2","AA-ns",32.6799074484144,0.026164811020748
"3","AA-syn",4.1893536764095,0.999848278482594
"4","Type",236.191892883401,0
"5","codon",235.521953263483,0
"6","nt",15.6650515734424,0.00132812433309559
"7","CpG",0.320341674698513,0.571402383308322
