"","test","G","Pvalue"
"1","gene",46.1790628381547,3.00607278880261e-06
"2","AA-ns",17.2607845157146,0.572205292130631
"3","AA-syn",7.18825369505864,0.993139959065721
"4","Type",168.498112317348,0
"5","codon",176.639928659788,0
"6","nt",12.3029374599695,0.00641429502586777
"7","CpG",2.46208924905017,0.116623567874252
