"","test","G","Pvalue"
"1","gene",25.8978284892973,0.00672092582597283
"2","AA-ns",17.8484354119268,0.532582909007646
"3","AA-syn",10.0056276724754,0.952806838794323
"4","Type",98.8830787362061,0
"5","codon",106.088109492035,0
"6","nt",25.652560395264,1.1276079101008e-05
"7","CpG",5.36806399160566,0.0205087284718354
