"","test","G","Pvalue"
"1","gene",27.3150584041369,0.00411728046335758
"2","AA-ns",24.9328050502216,0.162765940549781
"3","AA-syn",3.17062236655778,0.999983087141636
"4","Type",241.158448546779,0
"5","codon",239.755855957381,0
"6","nt",30.7102933108118,9.7821531230835e-07
"7","CpG",7.46060439148295,0.00630638296126285
