"","test","G","Pvalue"
"1","gene",28.77565657396,0.00245910751231659
"2","AA-ns",24.3102683060521,0.184518816693156
"3","AA-syn",4.34726834570048,0.999798945021499
"4","Type",226.325492844404,0
"5","codon",241.955064857818,0
"6","nt",5.04006194509868,0.168887006857082
"7","CpG",0.00307003560970309,0.955813500583983
