"","test","G","Pvalue"
"1","gene",47.6765256769789,1.63028593536119e-06
"2","AA-ns",23.738752667213,0.20636506593751
"3","AA-syn",5.83350103818018,0.998294246468682
"4","Type",133.939367608903,0
"5","codon",152.314084474509,0
"6","nt",43.2583487312841,2.16898465854598e-09
"7","CpG",5.3749315515164,0.0204281425428511
