"","nucleotide","highFst","genome","difference"
"1","a",55,1061,3.69483561567888
"2","c",93,1550,20.0220588235294
"3","g",68,1592,-14.5571608040201
"4","t",56,1233,-9.14794141500883
