"","nucleotide","highFst","genome","difference"
"1","a",54,1228,-11.9543973941368
"2","c",127,1896,34.115096108767
"3","g",85,1853,-8.15494393476045
"4","t",49,1328,-26.1228246318608
