"","nucleotide","highFst","genome","difference"
"1","a",45,1092,-17.4779025322504
"2","c",125,1590,57.4320937015769
"3","g",77,1613,-4.40465601049444
"4","t",29,1228,-52.7088349147902
