"","nucleotide","highFst","genome","difference"
"1","a",43,1228,-29.8896127397756
"2","c",142,1896,49.9554617909048
"3","g",78,1853,-15.7186544342508
"4","t",52,1328,-21.5997322623829
