"","nucleotide","highFst","genome","difference"
"1","a",54,1092,-0.973483038700434
"2","c",104,1590,30.983501959712
"3","g",74,1613,-8.12914993216349
"4","t",44,1228,-28.247887456923
