"","nucleotide","highFst","genome","difference"
"1","a",39,1061,-26.4709347452459
"2","c",114,1550,47.1238140417457
"3","g",78,1592,-1.99203739284658
"4","t",41,1233,-33.4833142502743
