"","Type","3A","1A","genome.3A","genome.1A","diff.costly.1A","diff.costly.3A"
"1","nonsyn",98,140,4322,4317,-35.1282208505362,-54.6422884285598
"2","syn",174,132,1114,1119,135.968301529727,212.445215967895
