"","Type","1B","1A","genome.1B","genome.1A","diff.costly.1A","diff.costly.1B"
"1","nonsyn",107,106,4800,4807,-55.848646649562,-55.3671296296296
"2","syn",208,209,1505,1498,179.348761311378,176.719084533038
