"","Type","3A","1B","genome.3A","genome.1B","diff.costly.1B","diff.costly.3A"
"1","nonsyn",115,127,4351,4354,-41.5888604847783,-47.0715544319314
"2","syn",161,149,1172,1169,155.242000471107,175.092434584755
