"","type","Genotype","Type","Mean","SE"
"1","mean.1A","1A","Transition",0.00410002611253795,5.62619075571998e-05
"2","mean.1B","1B","Transition",0.00405614149636885,7.21987008203748e-05
"3","mean.3A","3A","Transition",0.00386318676208126,7.03308712729451e-05
"4","mean.tvs.1A","1A","Transversion",0.000954996227243055,1.94347259110706e-05
"5","mean.tvs.1B","1B","Transversion",0.000895841729846153,2.60958952308858e-05
"6","mean.tvs.3A","3A","Transversion",0.000811679354580973,2.36504942856452e-05
"7","mean.all.1A","1A","Total MV",0.00508689429468114,6.47953269373292e-05
"8","mean.all.1B","1B","Total MV",0.00503372303223581,8.10291976767134e-05
"9","mean.all.3A","3A","Total MV",0.00472077924373111,7.54225576797264e-05
