"","data","mean","Syn","Nonsyn","Stop","CpGmaking_Syn","NoCpGmaking_Syn","P_value.Wilcoxon.Test_syn","CpGmaking_Nonsyn","NoCpGmaking_Nonsyn","P_value.Wilcoxon.Test_nonsyn"
"1","Ts_over1000",0.00542626936364312,0.00895470171070811,0.00393639860940862,0.00250560937013689,0.012803638657503,0.0136418502603346,0.0180453347028709,0.00495387202778559,0.00540577396841751,9.80516771648095e-09
"2","Ts_NA",0.024957119165268,0.0305583137542297,0.0217505770067391,0.0203954326782594,0.0271815805102496,0.0276380100083102,0.219781795537231,0.0186267343202526,0.01843227235577,0.703945759527846
"3","Ts_zero",0.00225039297416877,0.00588173704037862,0.000678216035087819,0.000158995501828538,0.00907441075419438,0.0100150511088266,0.0181817518151028,0.000714012203576139,0.00101311763891033,1.37242124623708e-06
