,data,mean,Syn,Nonsyn,Stop,CpGmaking_Syn,NoCpGmaking_Syn,P_value.Wilcoxon.Test_syn,CpGmaking_Nonsyn,NoCpGmaking_Nonsyn,P_value.Wilcoxon.Test_nonsyn
1,Ts_over100,0.005374891,0.008795155,0.003931307,0.002529342,0.012647709,0.013423585,0.022072702,0.004950113,0.00540069,2.59E-09
2,Ts_over1000,0.005426269,0.008954702,0.003936399,0.002505609,0.012803639,0.01364185,0.018045335,0.004953872,0.005405774,9.81E-09
3,Ts_NA,0.005679108,0.009376549,0.004114904,0.002688475,0.012839753,0.013695064,0.015477711,0.004991738,0.005447906,5.43E-09
4,Ts_zero,0.005376377,0.008914056,0.003883276,0.002432175,0.012801166,0.013638608,0.018084222,0.004946546,0.005397401,1.06E-08