"","AA","all","nonsyn","syn","genome.percent","Fst1.percent","genome.percent.nonsyn","percent.nonsyn","genome.percent.syn","percent.syn","diff.nonsyn"
"1","A",8,2,6,8.64243669999066,4,9.32332590594582,4.76190476190476,5.97426470588235,3.79746835443038,-48.9248277927523
"2","C",12,0,12,4.11099691675231,6,3.84660490207576,0,5.14705882352941,7.59493670886076,-100
"3","D",13,2,11,4.88648042604877,6.5,4.8082561275947,4.76190476190476,5.19301470588235,6.9620253164557,-0.963995354239261
"4","E",7,0,7,4.26048771372512,3.5,4.16324615925882,0,4.64154411764706,4.43037974683544,-100
"5","F",16,3,13,3.29814070821265,8,3.31886947343732,7.14285714285714,3.21691176470588,8.22784810126582,115.219586067643
"6","G",13,3,10,9.64215640474633,6.5,10.0738829600094,7.14285714285714,7.95036764705882,6.32911392405063,-29.0952935306835
"7","H",13,3,10,2.31710735307858,6.5,2.25167116219069,7.14285714285714,2.57352941176471,6.32911392405063,217.224702380952
"8","I",10,4,6,4.18574231523872,5,4.3743403307142,9.52380952380952,3.44669117647059,3.79746835443038,117.719902974595
"9","K",8,2,6,3.53172007848267,4,3.36577928931629,4.76190476190476,4.18198529411765,3.79746835443038,41.480006636801
"10","L",17,0,17,8.77324114734187,8.5,7.37656854696845,0,14.2463235294118,10.7594936708861,-100
"11","M",6,6,0,2.37316640194338,3,2.97877330831476,14.2857142857143,0,0,379.583802024747
"12","N",8,2,6,3.20470896010464,4,2.93186349243579,4.76190476190476,4.27389705882353,3.79746835443038,62.4190476190476
"13","P",9,1,8,7.829580491451,4.5,8.29130995660842,2.38095238095238,6.02022058823529,5.06329113924051,-71.2837610291641
"14","Q",7,1,6,1.97140988507895,3.5,1.65357100973379,2.38095238095238,3.21691176470588,3.79746835443038,43.9885173927727
"15","R",6,2,4,4.59684200691395,3,4.42125014659317,4.76190476190476,5.28492647058824,2.53164556962025,7.7049387394215
"16","S",8,1,7,6.23189759880407,4,6.16864078808491,2.38095238095238,6.47977941176471,4.43037974683544,-61.4023175810248
"17","T",14,5,9,7.04475380734374,7,7.23583909933154,11.9047619047619,6.29595588235294,5.69620253164557,64.5249671991973
"18","V",16,5,11,8.07250303653181,8,8.19749032485047,11.9047619047619,7.58272058823529,6.9620253164557,45.2244703317665
"19","W",0,0,0,1.11183780248528,0,1.39556702239944,0,0,0,-100
"20","Y",9,0,9,3.9147902457255,4.5,3.82314999413627,0,4.27389705882353,5.69620253164557,-100
