"","AA","all","nonsyn","syn","genome.percent","Fst1.percent","genome.percent.nonsyn","percent.nonsyn","genome.percent.syn","percent.syn","diff.nonsyn"
"1","A",11,4,7,9.06921241050119,7.23684210526316,9.54814728772215,10,7.26477024070022,6.25,4.73236009732359
"2","C",6,0,6,3.97466495318524,3.94736842105263,3.72865605761412,0,4.90153172866521,5.35714285714286,-100
"3","D",10,1,9,5.06700936295208,6.57894736842105,4.84376814961087,2.5,5.90809628008753,8.03571428571429,-48.3872901678657
"4","E",2,0,2,4.29594272076372,1.31578947368421,4.2049018469044,0,4.63894967177243,1.78571428571429,-100
"5","F",8,1,7,3.54323480815128,5.26315789473684,3.38018352886514,2.5,4.15754923413567,6.25,-26.0395189003436
"6","G",15,1,14,9.29869653020011,9.86842105263158,9.76884655592984,2.5,7.527352297593,12.5,-74.4084423305589
"7","H",2,1,1,2.21222691389756,1.31578947368421,2.26507143686839,2.5,2.01312910284464,0.892857142857143,10.3717948717949
"8","I",8,3,5,4.25004589682394,5.26315789473684,4.39075386223719,7.5,3.7199124726477,4.46428571428571,70.813492063492
"9","K",10,3,7,3.65338718560676,6.57894736842105,3.41503078174004,7.5,4.55142231947484,6.25,119.617346938775
"10","L",15,1,14,8.75711400771067,9.86842105263158,7.19014984318736,2.5,14.6608315098468,12.5,-65.2302100161551
"11","M",1,1,0,2.31319992656508,0.657894736842105,2.92716924149146,2.5,0,0,-14.593253968254
"12","N",8,1,7,3.06590783917753,5.26315789473684,2.99686374724126,2.5,3.32603938730853,6.25,-16.5794573643411
"13","P",5,1,4,7.81163943455113,3.28947368421053,8.29364618422581,2.5,5.99562363238512,3.57142857142857,-69.8564425770308
"14","Q",5,3,2,1.91848724068294,3.28947368421053,1.57974213032873,7.5,3.19474835886214,1.78571428571429,374.761029411765
"15","R",6,1,5,4.73655223058564,3.94736842105263,4.57660587756999,2.5,5.33916849015317,4.46428571428571,-45.3743654822335
"16","S",2,0,2,5.98494584174775,1.31578947368421,6.07503775119061,0,5.64551422319475,1.78571428571429,-100
"17","T",11,7,4,7.03139342757481,7.23684210526316,7.43408061331165,17.5,5.51422319474836,3.57142857142857,135.40234375
"18","V",19,10,9,7.93097117679457,12.5,8.24718318039261,25,6.73960612691466,8.03571428571429,203.133802816901
"19","W",0,0,0,1.05562695061502,0,1.33581136020444,0,0,0,-100
"20","Y",8,1,7,4.02974114191298,5.26315789473684,3.79835056336392,2.5,4.90153172866521,6.25,-34.1819571865443
