"","AA","all","nonsyn","syn","genome.percent","Fst1.percent","genome.percent.nonsyn","percent.nonsyn","genome.percent.syn","percent.syn","diff.nonsyn"
"1","A",4,0,4,8.61923903898289,2.75862068965517,9.30205278592375,0,5.93922651933702,3.33333333333333,-100
"2","C",10,0,10,4.11330279517622,6.89655172413793,3.8475073313783,0,5.15653775322284,8.33333333333333,-100
"3","D",9,2,7,4.85182761521922,6.20689655172414,4.75073313782991,8,5.24861878453039,5.83333333333333,68.3950617283951
"4","E",5,0,5,4.25352902682995,3.44827586206897,4.1524926686217,0,4.65009208103131,4.16666666666667,-100
"5","F",15,3,12,3.29999065158456,10.3448275862069,3.31964809384164,12,3.22283609576427,10,261.484098939929
"6","G",5,0,5,9.61017107600262,3.44827586206897,10.0293255131965,0,7.96500920810313,4.16666666666667,-100
"7","H",10,2,8,2.31840703000841,6.89655172413793,2.25219941348974,8,2.57826887661142,6.66666666666667,255.208333333333
"8","I",5,1,4,4.18809011872488,3.44827586206897,4.37536656891496,4,3.45303867403315,3.33333333333333,-8.57908847184986
"9","K",7,2,5,3.5430494531177,4.82758620689655,3.3782991202346,8,4.18968692449355,4.16666666666667,136.805555555556
"10","L",12,0,12,8.74076843974946,8.27586206896552,7.35483870967742,0,14.1804788213628,10,-100
"11","M",5,5,0,2.39319435355707,3.44827586206897,3.00293255131965,20,0,0,566.015625
"12","N",5,0,5,3.21585491259232,3.44827586206897,2.95601173020528,0,4.23572744014733,4.16666666666667,-100
"13","P",7,1,6,7.85266897260914,4.82758620689655,8.31671554252199,4,6.03130755064457,5,-51.9040902679831
"14","Q",6,1,5,1.98186407403945,4.13793103448276,1.65395894428153,4,3.26887661141805,4.16666666666667,141.843971631206
"15","R",4,1,3,4.68355613723474,2.75862068965517,4.52785923753666,4,5.29465930018416,2.5,-11.6580310880829
"16","S",6,1,5,6.21669626998224,4.13793103448276,6.158357771261,4,6.44567219152855,4.16666666666667,-35.047619047619
"17","T",12,4,8,7.06740207534823,8.27586206896552,7.24926686217009,16,6.353591160221,6.66666666666667,120.711974110032
"18","V",12,2,10,8.02094045059362,8.27586206896552,8.1524926686217,8,7.50460405156538,8.33333333333333,-1.8705035971223
"19","W",0,0,0,1.1124614377863,0,1.39589442815249,0,0,0,-100
"20","Y",6,0,6,3.91698607086099,4.13793103448276,3.82404692082111,0,4.28176795580111,5,-100
