"","AA","all","nonsyn","syn","genome.percent","Fst1.percent","genome.percent.nonsyn","percent.nonsyn","genome.percent.syn","percent.syn","diff.nonsyn"
"1","A",3,0,3,9.06921241050119,5.76923076923077,9.54814728772215,0,7.26477024070022,9.09090909090909,-100
"2","C",2,0,2,3.97466495318524,3.84615384615385,3.72865605761412,0,4.90153172866521,6.06060606060606,-100
"3","D",2,1,1,5.06700936295208,3.84615384615385,4.84376814961087,5.26315789473684,5.90809628008753,3.03030303030303,8.65833648870375
"4","E",0,0,0,4.29594272076372,0,4.2049018469044,0,4.63894967177243,0,-100
"5","F",1,0,1,3.54323480815128,1.92307692307692,3.38018352886514,0,4.15754923413567,3.03030303030303,-100
"6","G",5,1,4,9.29869653020011,9.61538461538462,9.76884655592984,5.26315789473684,7.527352297593,12.1212121212121,-46.1230364853871
"7","H",3,2,1,2.21222691389756,5.76923076923077,2.26507143686839,10.5263157894737,2.01312910284464,3.03030303030303,364.72334682861
"8","I",1,1,0,4.25004589682394,1.92307692307692,4.39075386223719,5.26315789473684,3.7199124726477,0,19.8691172375383
"9","K",2,1,1,3.65338718560676,3.84615384615385,3.41503078174004,5.26315789473684,4.55142231947484,3.03030303030303,54.1174364482635
"10","L",3,0,3,8.75711400771067,5.76923076923077,7.19014984318736,0,14.6608315098468,9.09090909090909,-100
"11","M",0,0,0,2.31319992656508,0,2.92716924149146,0,0,0,-100
"12","N",4,0,4,3.06590783917753,7.69230769230769,2.99686374724126,0,3.32603938730853,12.1212121212121,-100
"13","P",4,2,2,7.81163943455113,7.69230769230769,8.29364618422581,10.5263157894737,5.99562363238512,6.06060606060606,26.9202417809229
"14","Q",3,1,2,1.91848724068294,5.76923076923077,1.57974213032873,5.26315789473684,3.19474835886214,6.06060606060606,233.165634674923
"15","R",5,3,2,4.73655223058564,9.61538461538462,4.57660587756999,15.7894736842105,5.33916849015317,6.06060606060606,245.00400748063
"16","S",3,2,1,5.98494584174775,5.76923076923077,6.07503775119061,10.5263157894737,5.64551422319475,3.03030303030303,73.2716111502465
"17","T",6,3,3,7.03139342757481,11.5384615384615,7.43408061331165,15.7894736842105,5.51422319474836,9.09090909090909,112.393092105263
"18","V",4,2,2,7.93097117679457,7.69230769230769,8.24718318039261,10.5263157894737,6.73960612691466,6.06060606060606,27.6352853965901
"19","W",0,0,0,1.05562695061502,0,1.33581136020444,0,0,0,-100
"20","Y",1,0,1,4.02974114191298,1.92307692307692,3.79835056336392,0,4.90153172866521,3.03030303030303,-100
