"","AA","all","nonsyn","syn","genome.percent","Fst1.percent","genome.percent.nonsyn","percent.nonsyn","genome.percent.syn","percent.syn","diff.nonsyn"
"1","A",4,1,3,8.61923903898289,6.89655172413793,9.30205278592375,5.26315789473684,5.93922651933702,7.69230769230769,-43.4193933762527
"2","C",2,0,2,4.11330279517622,3.44827586206897,3.8475073313783,0,5.15653775322284,5.12820512820513,-100
"3","D",3,1,2,4.85182761521922,5.17241379310345,4.75073313782991,5.26315789473684,5.24861878453039,5.12820512820513,10.7862248213125
"4","E",1,0,1,4.25352902682995,1.72413793103448,4.1524926686217,0,4.65009208103131,2.56410256410256,-100
"5","F",1,0,1,3.29999065158456,1.72413793103448,3.31964809384164,0,3.22283609576427,2.56410256410256,-100
"6","G",3,2,1,9.61017107600262,5.17241379310345,10.0293255131965,10.5263157894737,7.96500920810313,2.56410256410256,4.95537088334871
"7","H",1,0,1,2.31840703000841,1.72413793103448,2.25219941348974,0,2.57826887661142,2.56410256410256,-100
"8","I",1,1,0,4.18809011872488,1.72413793103448,4.37536656891496,5.26315789473684,3.45303867403315,0,20.2906730633554
"9","K",2,1,1,3.5430494531177,3.44827586206897,3.3782991202346,5.26315789473684,4.18968692449355,2.56410256410256,55.7931286549707
"10","L",7,0,7,8.74076843974946,12.0689655172414,7.35483870967742,0,14.1804788213628,17.9487179487179,-100
"11","M",0,0,0,2.39319435355707,0,3.00293255131965,0,0,0,-100
"12","N",4,0,4,3.21585491259232,6.89655172413793,2.95601173020528,0,4.23572744014733,10.2564102564103,-100
"13","P",7,2,5,7.85266897260914,12.0689655172414,8.31671554252199,10.5263157894737,6.03130755064457,12.8205128205128,26.5681835053077
"14","Q",2,1,1,1.98186407403945,3.44827586206897,1.65395894428153,5.26315789473684,3.26887661141805,2.56410256410256,218.215752146323
"15","R",3,3,0,4.68355613723474,5.17241379310345,4.52785923753666,15.7894736842105,5.29465930018416,0,248.718298336515
"16","S",3,1,2,6.21669626998224,5.17241379310345,6.158357771261,5.26315789473684,6.44567219152855,5.12820512820513,-14.5363408521303
"17","T",6,3,3,7.06740207534823,10.3448275862069,7.24926686217009,15.7894736842105,6.353591160221,7.69230769230769,117.807869187532
"18","V",4,2,2,8.02094045059362,6.89655172413793,8.1524926686217,10.5263157894737,7.50460405156538,5.12820512820513,29.1177584248391
"19","W",0,0,0,1.1124614377863,0,1.39589442815249,0,0,0,-100
"20","Y",4,1,3,3.91698607086099,6.89655172413793,3.82404692082111,5.26315789473684,4.28176795580111,7.69230769230769,37.6331934129803
