"","AA","all","nonsyn","syn","genome.percent","Fst1.percent","genome.percent.nonsyn","percent.nonsyn","genome.percent.syn","percent.syn","diff.nonsyn"
"1","A",12,3,9,8.91136801541426,11.0091743119266,9.54831932773109,14.2857142857143,6.84604904632153,10.2272727272727,49.6149614961496
"2","C",7,0,7,4.0863840719332,6.42201834862385,3.84453781512605,0,4.87057220708447,7.95454545454545,-100
"3","D",4,2,2,4.74470134874759,3.6697247706422,4.59033613445378,9.52380952380952,5.24523160762943,2.27272727272727,107.475209763539
"4","E",3,0,3,4.38342967244701,2.75229357798165,4.1281512605042,0,5.21117166212534,3.40909090909091,-100
"5","F",14,3,11,3.29158638407193,12.8440366972477,3.16176470588235,14.2857142857143,3.7125340599455,12.5,351.827242524917
"6","G",2,0,2,8.90333975594091,1.8348623853211,9.27521008403361,0,7.69754768392371,2.27272727272727,-100
"7","H",7,1,6,2.37636480411047,6.42201834862385,2.37394957983193,4.76190476190476,2.3841961852861,6.81818181818182,100.589970501475
"8","I",2,1,1,4.2951188182402,1.8348623853211,4.42226890756303,4.76190476190476,3.88283378746594,1.13636363636364,7.68012668250197
"9","K",1,0,1,3.3558124598587,0.917431192660551,3.30882352941176,0,3.50817438692098,1.13636363636364,-100
"10","L",14,0,14,9.05587668593449,12.8440366972477,7.3109243697479,0,14.7138964577657,15.9090909090909,-100
"11","M",0,0,0,2.27199743095697,0,2.97268907563025,0,0,0,-100
"12","N",3,0,3,3.08285163776493,2.75229357798165,3.00420168067227,0,3.33787465940055,3.40909090909091,-100
"13","P",6,0,6,7.36994219653179,5.5045871559633,7.72058823529412,0,6.23297002724796,6.81818181818182,-100
"14","Q",3,0,3,1.82241490044958,2.75229357798165,1.54411764705882,0,2.72479564032698,3.40909090909091,-100
"15","R",9,3,6,5.27456647398844,8.25688073394496,5.09453781512605,14.2857142857143,5.858310626703,6.81818181818182,180.412371134021
"16","S",6,1,5,6.42260757867694,5.5045871559633,6.56512605042017,4.76190476190476,5.96049046321526,5.68181818181818,-27.4666666666667
"17","T",3,1,2,7.40205523442518,2.75229357798165,7.76260504201681,4.76190476190476,6.23297002724796,2.27272727272727,-38.6558412268832
"18","V",10,5,5,8.4136159280668,9.1743119266055,8.57142857142857,23.8095238095238,7.90190735694823,5.68181818181818,177.777777777778
"19","W",0,0,0,0.931278098908157,0,1.21848739495798,0,0,0,-100
"20","Y",3,1,2,3.60468850353243,2.75229357798165,3.58193277310924,4.76190476190476,3.67847411444142,2.27272727272727,32.9423264907136
