"","codon","highFst","genome","difference"
"1","1",21,2023,-29.5025951557093
"2","2",10,2318,-70.7021138912856
"3","3",49,1092,204.735576923077
