"","codon","highFst","genome","difference"
"1","1",46,2306,-30.270791172786
"2","2",28,2529,-61.2987127103379
"3","3",106,1457,154.309463890795
