"","codon","highFst","genome","difference"
"1","1",66,2040,-35.212063086104
"2","2",43,2341,-63.2169765181484
"3","3",167,1142,192.840237061854
