"","codon","highFst","genome","difference"
"1","1",13,2036,-49.840724108897
"2","2",11,2330,-62.9129368485592
"3","3",46,1133,218.943386710377
