"","codon","highFst","genome","difference"
"1","1",44,2036,-41.7456373512077
"2","2",21,2330,-75.7049987376925
"3","3",139,1133,230.703234515342
