"","codon","highFst","genome","difference"
"1","1",71,2297,-38.1115464615682
"2","2",40,2540,-68.4689413823272
"3","3",204,1468,178.237965485922
