"","codon","highFst","genome","difference"
"1","1",62,2040,-39.1386047172492
"2","2",27,2341,-76.9036829300002
"3","3",187,1142,227.91092413513
