"","codon","highFst","genome","difference"
"1","1",30,2306,-38.9134121241149
"2","2",12,2529,-77.719941219171
"3","3",92,1457,196.491461703152
