"","codon","highFst","genome","difference"
"1","1",57,2019,-43.526024823005
"2","2",23,2324,-80.2029019439101
"3","3",192,1093,251.391206070717
