"","codon","highFst","genome","difference"
"1","1",60,2297,-47.6998984182267
"2","2",31,2540,-75.5634295713036
"3","3",224,1468,205.516197396306
