"","codon","highFst","genome","difference"
"1","1",34,2023,-52.1932333142681
"2","2",13,2318,-84.0472243177681
"3","3",144,1092,275.099246303435
