"","codon","highFst","genome","difference"
"1","1",71,2019,-29.6552239023395
"2","2",48,2324,-58.6843171003341
"3","3",153,1093,180.014867337603
