"","CpG","1A","genome","diff"
"1","0",245,4610,6.31021117774659
"2","1",27,826,-34.6126798176898
