"","CpG","1A","genome","diff"
"1","0",163,5356,6.38079827400216
"2","1",17,936,-36.5123456790123
