"","CpG","3A","genome","diff"
"1","0",232,4650,-0.196710942441495
"2","1",40,786,1.79988025744648
