"","CpG","3A","genome","diff"
"1","0",161,4647,-1.44933904326048
"2","1",30,786,8.56880220614684
