"","CpG","1A","genome","diff"
"1","0",284,5372,5.85091420534459
"2","1",31,933,-33.4738597118018
