"","CpG","1B","genome","diff"
"1","0",249,4672,6.72763735854676
"2","1",27,851,-36.4647729014459
