"","CpG","1B","genome","diff"
"1","0",62,4651,4.72033664035384
"2","1",8,848,-25.8894878706199
