"","CpG","3A","genome","diff"
"1","0",234,4721,-0.742749785878081
"2","1",42,802,4.87097473707037
