"","CpG","1B","genome","diff"
"1","0",120,5355,5.22179020862076
"2","1",14,937,-29.8427818219468
