"","CpG","1B","genome","diff"
"1","0",282,5372,5.10548523206752
"2","1",33,933,-29.1818506609503
