"","CpG","1A","genome","diff"
"1","0",74,4608,9.06087239583333
"2","1",6,825,-50.6090909090909
