"","CpG","3A","genome","diff"
"1","0",174,4699,-0.184645043375945
"2","1",30,800,1.08455882352941
