"","test","G","Pvalue"
"1","gene",33.2976467049075,0.000470787327839006
"2","AA-ns",40.2708769994149,0.00301458661634091
"3","AA-syn",5.67223787361799,0.998597122271106
"4","Type",302.482178166912,0
"5","codon",315.985248480564,0
"6","nt",39.9668775348529,1.0828744012592e-08
"7","CpG",4.8876619705951,0.0270492929624333
