"","test","G","Pvalue"
"1","gene",39.0269257431213,5.24184269352634e-05
"2","AA-ns",46.4838107929857,0.000423164828073253
"3","AA-syn",6.87895478658277,0.994831319119035
"4","Type",286.325732844057,0
"5","codon",285.358979610839,0
"6","nt",27.2727384772868,5.16098901148787e-06
"7","CpG",0.101281855619039,0.750296746419836
