"","test","G","Pvalue"
"1","gene",10.4566345163829,0.489839447777728
"2","AA-ns",53.5684690177919,3.84042411983865e-05
"3","AA-syn",23.6641047499859,0.209353914029477
"4","Type",64.9028528786793,7.7715611723761e-16
"5","codon",68.7081959938737,1.22124532708767e-15
"6","nt",13.1571878243963,0.00430871938915944
"7","CpG",4.3187411670881,0.0376947981049114
