"","test","G","Pvalue"
"1","gene",11.6010288340597,0.394366834609685
"2","AA-ns",75.3180418871125,1.17564821211502e-08
"3","AA-syn",24.3884679207633,0.181670718930822
"4","Type",59.7380274645734,1.08801856413265e-14
"5","codon",65.85441758366,4.9960036108132e-15
"6","nt",21.1171435543516,9.95404583381543e-05
"7","CpG",0.91470364220998,0.338869476563393
