"","test","G","Pvalue"
"1","gene",19.1237812716087,0.0589074648226064
"2","AA-ns",29.0281847765144,0.0655430845064228
"3","AA-syn",5.446510362523,0.998946605158195
"4","Type",168.048901416652,0
"5","codon",169.225839916015,0
"6","nt",46.068641762564,5.48405765243842e-10
"7","CpG",6.26159960584988,0.0123382750450206
