"","test","G","Pvalue"
"1","gene",29.78534944511,0.00171230897343444
"2","AA-ns",52.5520190073671,5.46762416708813e-05
"3","AA-syn",7.63560490688958,0.98997666461649
"4","Type",313.383856685275,0
"5","codon",322.100291671549,0
"6","nt",21.3655699389173,8.8385982729533e-05
"7","CpG",0.0126859757376627,0.910322284876654
