"","test","G","Pvalue"
"1","gene",19.9716881539211,0.0457304617526281
"2","AA-ns",91.332514642619,1.92436067081303e-11
"3","AA-syn",10.8395351135937,0.929118050648815
"4","Type",263.052592488351,0
"5","codon",270.624708557202,0
"6","nt",17.4942668176762,0.000559159709707324
"7","CpG",0.22376361243836,0.636187076899327
