"","test","G","Pvalue"
"1","gene",35.6150522792225,0.000196066073617995
"2","AA-ns",30.726473438183,0.0432505188587751
"3","AA-syn",13.5743651877581,0.807914451418679
"4","Type",107.672870058369,0
"5","codon",107.89489914204,0
"6","nt",12.1454932165592,0.00690102237916734
"7","CpG",4.60069884731666,0.0319589261968292
