"","test","G","Pvalue"
"1","gene",39.7917607499654,3.88304125700234e-05
"2","AA-ns",53.0111346329911,4.66284467798284e-05
"3","AA-syn",9.17038076753959,0.970541181104096
"4","Type",214.337607136503,0
"5","codon",215.473321751531,0
"6","nt",19.4008992694014,0.000225873514037134
"7","CpG",0.00392696814748139,0.950032849691587
