"","test","G","Pvalue"
"1","gene",22.7548104517523,0.0191360821639561
"2","AA-ns",19.8101694957913,0.406081352481643
"3","AA-syn",4.10951704890787,0.999869070272654
"4","Type",204.885564637604,0
"5","codon",202.522593850562,0
"6","nt",34.5288088900355,1.53202980857081e-07
"7","CpG",7.21155183923293,0.00724358379420842
