"","test","G","Pvalue"
"1","gene",42.5898328977041,1.27990166721714e-05
"2","AA-ns",32.1692060593077,0.0299104355506932
"3","AA-syn",3.00496415055135,0.999989062893363
"4","Type",248.156515204842,0
"5","codon",242.399620519664,0
"6","nt",35.845918443901,8.07165633220919e-08
"7","CpG",6.53447901445301,0.0105803207360228
