"","test","G","Pvalue"
"1","gene",36.075129505568,0.00016443575876024
"2","AA-ns",85.8448610415369,1.79129822086566e-10
"3","AA-syn",19.0903533266056,0.451053725583038
"4","Type",133.564859869931,0
"5","codon",131.069565142919,0
"6","nt",30.5641543893476,1.05001164152352e-06
"7","CpG",2.24835342602637,0.133756660648194
