"","nucleotide","highFst","genome","difference"
"1","a",32,1085,-20.4987801572242
"2","c",89,1588,51.0751592828567
"3","g",49,1602,-17.5506719541749
"4","t",34,1224,-25.1225490196078
