"","nucleotide","highFst","genome","difference"
"1","a",10,1085,-27.597103357472
"2","c",34,1588,68.1953940266283
"3","g",22,1602,7.88121990369181
"4","t",4,1224,-74.327731092437
