"","nucleotide","highFst","genome","difference"
"1","a",12,1231,-54.227239109085
"2","c",70,1897,73.2665087844908
"3","g",30,1839,-23.4009398358939
"4","t",22,1325,-22.0366094058012
