"","nucleotide","highFst","genome","difference"
"1","a",29,1063,-22.3983293356252
"2","c",79,1552,44.7910481999244
"3","g",38,1588,-31.9325570047608
"4","t",45,1230,4.06716894394076
