"","nucleotide","highFst","genome","difference"
"1","a",42,1061,-20.8148528025725
"2","c",128,1550,65.19165085389
"3","g",70,1592,-12.0441361217854
"4","t",32,1233,-48.0845379514336
