"","nucleotide","highFst","genome","difference"
"1","a",38,1228,-38.0419833514296
"2","c",142,1896,49.9554617909048
"3","g",94,1853,1.56982670744138
"4","t",41,1328,-38.1844042838019
