"","nucleotide","highFst","genome","difference"
"1","a",44,1092,-19.3117269204226
"2","c",117,1590,47.356439704676
"3","g",84,1613,4.28582980673333
"4","t",31,1228,-49.4473752537412
