"","nucleotide","highFst","genome","difference"
"1","a",27,1231,-23.3306255077173
"2","c",76,1897,40.0433432905758
"3","g",48,1839,-8.76200833786478
"4","t",29,1325,-23.493501048218
