"","nucleotide","highFst","genome","difference"
"1","a",39,1228,-36.4115092290988
"2","c",142,1896,49.9554617909048
"3","g",89,1853,-3.83282364933741
"4","t",45,1328,-32.1536144578313
