"","nucleotide","highFst","genome","difference"
"1","a",42,1092,-22.979375696767
"2","c",121,1590,52.3942667031264
"3","g",68,1613,-15.5781377755016
"4","t",45,1228,-26.6171576263985
