"","nucleotide","highFst","genome","difference"
"1","a",8,1063,-48.8899341486359
"2","c",36,1552,57.5289948453608
"3","g",24,1588,2.63853904282115
"4","t",12,1230,-33.7439024390244
