"","Type","1B","1A","genome.1B","genome.1A","diff.costly.1A","diff.costly.1B"
"1","nonsyn",38,71,4800,4806,-30.6321078751064,-72.3268518518519
"2","syn",96,109,1492,1486,244.422570860368,124.915102770331
