"","Type","3A","1A","genome.3A","genome.1A","diff.costly.1A","diff.costly.3A"
"1","nonsyn",76,115,4322,4317,-46.7124671272261,-64.8246318425565
"2","syn",196,157,1114,1119,180.659267728539,251.949783504066
