"","Type","3A","1A","genome.3A","genome.1A","diff.costly.1A","diff.costly.3A"
"1","nonsyn",45,30,4321,4316,-80.228202378584,-29.2741842166165
"2","syn",146,50,1112,1117,27.3277805640576,791.656924460432
