"","Type","3A","1B","genome.3A","genome.1B","diff.costly.1B","diff.costly.3A"
"1","nonsyn",82,104,4351,4354,-52.1672558300547,-62.2597170732032
"2","syn",194,172,1172,1169,194.641772355909,231.47784043132
