"","Type","1B","1A","genome.1B","genome.1A","diff.costly.1A","diff.costly.1B"
"1","nonsyn",89,104,4800,4807,-56.6816910524004,-62.875462962963
"2","syn",226,211,1505,1498,182.021955199525,200.665928386859
