"","Type","3A","1B","genome.3A","genome.1B","diff.costly.1B","diff.costly.3A"
"1","nonsyn",61,25,4337,4340,-84.4724179994578,10.4907935043974
"2","syn",143,45,1162,1159,4.66045779830482,866.753134988935
