"","Gene","Proportion","Counts","No.Sites"
"1","Core",0.349040139616056,2,573
"2","E1",1.21527777777778,7,576
"3","HVR1",7.40740740740741,6,81
"4","E2",1.48809523809524,15,1008
"5","NS1(P7)",0.529100529100529,1,189
"6","NS2",1.22887864823349,8,651
"7","NS3",0.792393026941363,15,1893
"8","NS4A",1.23456790123457,2,162
"9","NS4B",1.02171136653895,8,783
"10","NS5A",0.820283370618941,11,1341
"11","NS5B",0.887573964497041,9,1014
