"","Gene","Proportion","Counts","No.Sites"
"1","Core",0,0,573
"2","E1",1.04166666666667,6,576
"3","HVR1",6.17283950617284,5,81
"4","E2",0.595238095238095,6,1008
"5","NS1(P7)",2.11640211640212,4,189
"6","NS2",0.921658986175115,6,651
"7","NS3",0.686740623349181,13,1893
"8","NS4A",1.23456790123457,2,162
"9","NS4B",1.14942528735632,9,783
"10","NS5A",1.41685309470544,19,1341
"11","NS5B",1.33587786259542,14,1048
