"","Gene","Proportion","Counts","No.Sites"
"1","Core",2.79232111692845,16,573
"2","E1",4.16666666666667,24,576
"3","HVR1",22.2222222222222,18,81
"4","E2",6.0515873015873,61,1008
"5","NS1(P7)",6.34920634920635,12,189
"6","NS2",5.37634408602151,35,651
"7","NS3",4.75435816164818,90,1893
"8","NS4A",4.32098765432099,7,162
"9","NS4B",5.23627075351213,41,783
"10","NS5A",5.07084265473527,68,1341
"11","NS5B",4.83234714003945,49,1014
