"","Gene","Proportion","Counts","No.Sites"
"1","Core",2.09424083769634,12,573
"2","E1",3.64583333333333,21,576
"3","HVR1",17.2839506172839,14,81
"4","E2",4.06746031746032,41,1008
"5","NS1(P7)",5.82010582010582,11,189
"6","NS2",4.3010752688172,28,651
"7","NS3",4.43740095087163,84,1893
"8","NS4A",6.79012345679012,11,162
"9","NS4B",5.87484035759898,46,783
"10","NS5A",6.86055182699478,92,1341
"11","NS5B",5.8206106870229,61,1048
