"","Gene","Proportion","Counts","No.Sites"
"1","Core",2.09424083769634,12,573
"2","E1",4.34027777777778,25,576
"3","HVR1",25.9259259259259,21,81
"4","E2",6.4484126984127,65,1008
"5","NS1(P7)",5.82010582010582,11,189
"6","NS2",5.52995391705069,36,651
"7","NS3",4.96566296883254,94,1893
"8","NS4A",4.32098765432099,7,162
"9","NS4B",4.72541507024266,37,783
"10","NS5A",5.66741237882177,76,1341
"11","NS5B",3.64891518737673,37,1014
