"","data","mean","Syn","Nonsyn","Stop","CpGmaking_Syn","NoCpGmaking_Syn","P_value.Wilcoxon.Test_syn","CpGmaking_Nonsyn","NoCpGmaking_Nonsyn","P_value.Wilcoxon.Test_nonsyn"
"1","Ts.Q35",0.00482883068195663,0.00809253050613054,0.0033482419749124,0.00202238115085714,0.0114731913680454,0.0122348980901169,0.00575676786656885,0.00412211005380465,0.00455918115848712,3.75554360129429e-12
"2","Ts_NA",0.00523676081133968,0.00876640056556411,0.00362863829721107,0.00236424736301552,0.0115826548080412,0.012371936270989,0.00443731240548599,0.0042010991456527,0.00464629815089771,7.67549382176364e-13
"3","Ts_zero",0.00475119845385072,0.00802871067522423,0.00326656351976395,0.00188047395074638,0.0114660636384821,0.0122263729136658,0.00590855109414833,0.004104461154103,0.00453925785823086,5.22995633115906e-12
"4","Ts.Q30",0.00542626936364312,0.00895470171070811,0.00393639860940862,0.00250560937013689,0.012803638657503,0.0136418502603346,0.0180453347028709,0.00495387202778559,0.00540577396841751,9.80516771648095e-09
