"","AA","nonsyn","syn","genome.percent.nonsyn","percent.nonsyn","genome.percent.syn","percent.syn","diff.nonsyn"
"1","A",3,10,9.30616091412416,5.35714285714286,5.96868884540117,5.95238095238095,-42.4344484629295
"2","C",0,15,3.86382377194016,0,5.03913894324853,8.92857142857143,-100
"3","D",3,7,4.73554011073154,5.35714285714286,5.23483365949119,4.16666666666667,13.1263326226013
"4","E",0,5,4.14654258452114,0,4.64774951076321,2.97619047619048,-100
"5","F",4,14,3.3219460478266,7.14285714285714,3.08219178082192,8.33333333333333,115.020263424519
"6","G",2,8,10.0247378961008,3.57142857142857,8.17025440313111,4.76190476190476,-64.373845895585
"7","H",2,6,2.33243020379314,3.57142857142857,2.25048923679061,3.57142857142857,53.1204906204906
"8","I",5,5,4.34680174343268,8.92857142857143,3.57142857142857,2.97619047619048,105.405536198219
"9","K",5,7,3.39262575097185,8.92857142857143,4.10958904109589,4.16666666666667,163.175843253968
"10","L",6,27,7.33890917658146,10.7142857142857,14.4814090019569,16.0714285714286,45.9928915386379
"11","M",3,0,2.96854753210037,5.35714285714286,0,0,80.4634353741497
"12","N",2,7,2.93320768052774,3.57142857142857,3.91389432485323,4.16666666666667,21.758462421113
"13","P",3,12,8.36376487218754,5.35714285714286,5.82191780821918,7.14285714285714,-35.9481891348089
"14","Q",1,3,1.63741312286488,1.78571428571429,3.32681017612524,1.78571428571429,9.05704008221992
"15","R",4,3,4.62952055601366,7.14285714285714,5.43052837573385,1.78571428571429,54.2893493275173
"16","S",4,9,6.13735422311226,7.14285714285714,6.50684931506849,5.35714285714286,16.3833287633671
"17","T",4,12,7.19754977029096,7.14285714285714,6.40900195694716,7.14285714285714,-0.759878419452894
"18","V",4,6,8.08104605960655,7.14285714285714,7.4853228962818,3.57142857142857,-11.609745939192
"19","W",0,0,1.40181411238073,0,0,0,-100
"20","Y",1,12,3.84026387089174,1.78571428571429,4.54990215264188,7.14285714285714,-53.5002191060473
