"","AA","nonsyn","syn","genome.percent.nonsyn","percent.nonsyn","genome.percent.syn","percent.syn","diff.nonsyn"
"1","A",12,16,9.52631578947368,16.9014084507042,6.65961945031713,7.6555023923445,77.4180997587736
"2","C",0,15,3.85263157894737,0,4.7568710359408,7.17703349282297,-100
"3","D",4,9,4.6,5.63380281690141,5.14446793516561,4.30622009569378,22.4739742804654
"4","E",2,4,4.13684210526316,2.8169014084507,5.42635658914729,1.91387559808612,-31.9069634089524
"5","F",2,13,3.14736842105263,2.8169014084507,3.69978858350951,6.2200956937799,-10.4997880258137
"6","G",3,13,9.28421052631579,4.22535211267606,7.64622973925299,6.2200956937799,-54.4888377886366
"7","H",3,9,2.4,4.22535211267606,2.184637068358,4.30622009569378,76.056338028169
"8","I",6,4,4.38947368421053,8.45070422535211,3.84073291050035,1.91387559808612,92.5220387070625
"9","K",3,7,3.31578947368421,4.22535211267606,3.62931642001409,3.34928229665072,27.4312541918176
"10","L",9,34,7.30526315789474,12.6760563380282,14.7991543340381,16.2679425837321,73.5195031862645
"11","M",1,0,2.95789473684211,1.40845070422535,0,0,-52.3833391809934
"12","N",0,10,3,0,3.38266384778013,4.78468899521531,-100
"13","P",2,14,7.74736842105263,2.8169014084507,6.13107822410148,6.69856459330144,-63.6405388854868
"14","Q",0,5,1.50526315789474,0,2.81888653981677,2.39234449760766,-100
"15","R",5,10,5.21052631578947,7.04225352112676,5.95489781536293,4.78468899521531,35.1543605064732
"16","S",4,11,6.55789473684211,5.63380281690141,6.06060606060606,5.26315789473684,-14.091289308887
"17","T",4,13,7.70526315789474,5.63380281690141,6.30725863284003,6.2200956937799,-26.8837066112522
"18","V",8,13,8.54736842105263,11.2676056338028,7.82241014799154,6.2200956937799,31.8254353708458
"19","W",1,0,1.22105263157895,1.40845070422535,0,0,15.3472559494901
"20","Y",2,9,3.58947368421053,2.8169014084507,3.73502466525722,4.30622009569378,-21.5232745446285
