"","AA","nonsyn","syn","genome.percent.nonsyn","percent.nonsyn","genome.percent.syn","percent.syn","diff.nonsyn"
"1","A",4,13,9.51992542530879,7.27272727272727,7.20919946926139,7.69230769230769,-23.6052075219762
"2","C",0,12,3.74038685621067,0,4.82087571870854,7.10059171597633,-100
"3","D",2,11,4.82405033791657,3.63636363636364,5.97080937638213,6.50887573964497,-24.6201141853316
"4","E",2,4,4.21813097180145,3.63636363636364,4.59973463069438,2.36686390532544,-13.7920642893019
"5","F",1,10,3.39081799114426,1.81818181818182,4.11322423706325,5.91715976331361,-46.3792564823493
"6","G",3,12,9.75297133535306,5.45454545454545,7.5187969924812,7.10059171597633,-44.0729879439557
"7","H",1,2,2.28384991843393,1.81818181818182,1.94604157452455,1.18343195266272,-20.3896103896104
"8","I",3,5,4.39291540433465,5.45454545454545,3.7593984962406,2.9585798816568,24.1668676151435
"9","K",6,10,3.4257748776509,10.9090909090909,4.59973463069438,5.91715976331361,218.441558441558
"10","L",4,29,7.16616173386157,7.27272727272727,14.6837682441398,17.1597633136095,1.48706577974871
"11","M",1,0,2.94803076206013,1.81818181818182,0,0,-38.3255479698167
"12","N",1,13,2.98298764856677,1.81818181818182,3.36134453781513,7.69230769230769,-39.0482954545455
"13","P",3,8,8.33139128408297,5.45454545454545,5.97080937638213,4.73372781065089,-34.5301970756516
"14","Q",3,3,1.5847121883011,5.45454545454545,3.22865988500663,1.77514792899408,244.197860962567
"15","R",4,3,4.67257049638779,7.27272727272727,5.3516143299425,1.77514792899408,55.6472455225572
"16","S",1,5,6.07084595665346,1.81818181818182,5.61698363555949,2.9585798816568,-70.0506019891816
"17","T",7,10,7.36425075739921,12.7272727272727,5.57275541795666,5.91715976331361,72.825086306099
"18","V",8,8,8.17991144255418,14.5454545454545,6.72268907563025,4.73372781065089,77.8192178192178
"19","W",0,0,1.3400139827546,0,0,0,-100
"20","Y",1,11,3.81030062922396,1.81818181818182,4.95356037151703,6.50887573964497,-52.2824576035585
