"","codon","high.diff","genome","difference"
"1","1",57,2085,-45.1949744552184
"2","2",28,2361,-76.2253773579115
"3","3",191,1087,252.253576523606
