"","codon","high.diff","genome","difference"
"1","1",54,2103,-48.4899990894467
"2","2",27,2373,-77.1754041477257
"3","3",201,1181,241.415497144504
