"","codon","high.diff","genome","difference"
"1","1",65,2377,-44.1506545725718
"2","2",31,2578,-75.4408860982819
"3","3",225,1471,212.394772454367
