"","CpG","1A.x","1B.x","1A.y","1B.y","diff1","diff2","difference"
"1","0",283,283,5502,5502,5.05089624730062,5.05089624730062,5.05089624730062
"2","1",38,38,924,924,-16.0065272214805,-16.0065272214805,-16.0065272214805
