"","CpG","1B.x","3A.x","1B.y","3A.y","diff1","diff2","difference"
"1","0",244,245,4814,4865,1.67655213664637,1.02301137813154,1.34978175738895
"2","1",38,37,843,792,-9.57404743275873,-6.28402822551759,-7.92903782913816
