"","CpG","1A.x","3A.x","1A.y","3A.y","diff1","diff2","difference"
"1","0",240,242,4720,4763,1.93441414885777,1.85594269839676,1.89517842362726
"2","1",36,34,813,770,-11.2305470880796,-11.48033126294,-11.3554391755098
