"","genotype","ratio"
"1","1A",0.311027456473572
"2","1B",0.328365170185791
"3","3A",0.338995999446938
