"","nucleotide","high.diff","genome","difference"
"1","a",39,1215,-34.442521441483
"2","c",141,1961,46.8505006505359
"3","g",82,1943,-13.8064110642405
"4","t",59,1307,-7.80436995139996
