"","nucleotide","high.diff","genome","difference"
"1","a",42,1046,-19.5049463795827
"2","c",127,1609,58.2338026139199
"3","g",52,1680,-37.9494478951001
"4","t",55,1198,-7.96405845491278
