"","nucleotide","high.diff","genome","difference"
"1","a",39,1079,-27.4929505255063
"2","c",120,1653,45.6281937418749
"3","g",72,1709,-15.4862243691097
"4","t",51,1216,-15.865586506159
