"","Type","1A","3A","genome.1A","genome.3A","difference1","difference2","difference"
"1","nonsyn",73,71,4295,4301,-65.9269288522212,-66.9066681493013,-66.4167985007612
"2","syn",203,205,1052,1045,286.840455722709,293.268497330282,290.054476526496
