"","Type","1B","3A","genome.1B","genome.3A","difference1","difference2","difference"
"1","nonsyn",70,71,4325,4325,-67.5324888287624,-67.0686672406018,-67.3005780346821
"2","syn",212,211,1149,1148,270.128820003827,268.703820396867,269.416320200347
