"","Type","1A","1B","genome.1A","genome.1B","difference1","difference2","difference"
"1","nonsyn",84,82,4790,4787,-64.8941525374124,-65.7085291355677,-65.3013408364901
"2","stop",3,1,201,196,-70.1213558376343,-89.7863818424566,-79.9538688400454
"3","syn",234,238,1435,1443,226.437200820606,230.176618027085,228.306909423846
