"","AA","nonsyn","genome.percent.nonsyn","percent.nonsyn","diff.nonsyn"
"1","A",28,9.65670247547875,11.9148936170213,23.3847024621163
"2","C",1,3.74824848201775,0.425531914893617,-88.6471796911248
"3","D",9,4.93928070994862,3.82978723404255,-22.4626527840652
"4","E",5,4.3204110228865,2.12765957446809,-50.7533064979874
"5","F",5,3.37459131247081,2.12765957446809,-36.9506000147243
"6","G",11,9.8668846333489,4.68085106382979,-52.5599899282387
"7","H",6,2.26529659037833,2.5531914893617,12.7089273963588
"8","I",14,4.39047174217655,5.95744680851064,35.6903576278859
"9","K",14,3.43297524521252,5.95744680851064,73.5359675785208
"10","L",10,6.60906118636151,4.25531914893617,-35.6138636192767
"11","M",8,2.77907519850537,3.40425531914894,22.4959771142499
"12","N",8,3.01261092947221,3.40425531914894,13.0001649348507
"13","P",15,8.32554880896777,6.38297872340426,-23.3326370445525
"14","Q",5,1.59971975712284,2.12765957446809,33.0020189470415
"15","R",21,4.60065390004671,8.93617021276596,94.2369586348418
"16","S",12,6.15366651097618,5.1063829787234,-17.0188542129275
"17","T",30,7.47314339093881,12.7659574468085,70.8244680851064
"18","V",25,8.29051844932275,10.6382978723404,28.3188492658076
"19","W",4,1.34283045305932,1.70212765957447,26.7567067530065
"20","Y",4,3.8183092013078,1.70212765957447,-55.4219532825818
