"","AA","nonsyn","genome.percent.nonsyn","percent.nonsyn","diff.nonsyn"
"1","A",25,9.41481831052383,11.4155251141553,21.2506151222806
"2","C",2,3.86974988201982,0.91324200913242,-76.4004900322976
"3","D",9,4.84898537045776,4.10958904109589,-15.2484751524848
"4","E",3,4.22369042000944,1.36986301369863,-67.5671538991352
"5","F",5,3.31524303916942,2.28310502283105,-31.1331025853524
"6","G",12,10.1344974044361,5.47945205479452,-45.932670993669
"7","H",4,2.25342142520057,1.82648401826484,-18.946185660666
"8","I",13,4.37706465313827,5.93607305936073,35.6176691405433
"9","K",11,3.39782916470033,5.02283105022831,47.8247082699137
"10","L",9,6.7602642756017,4.10958904109589,-39.2096392454995
"11","M",13,2.81972628598395,5.93607305936073,110.519478038249
"12","N",9,2.97310051911279,4.10958904109589,38.2257012393999
"13","P",14,8.35299669655498,6.39269406392694,-23.4682558109537
"14","Q",4,1.67531854648419,1.82648401826484,9.0230883014985
"15","R",16,4.55403492213308,7.30593607305936,60.427756878889
"16","S",17,6.24115148655026,7.76255707762557,24.3770014932974
"17","T",24,7.29117508258613,10.958904109589,50.3036751341047
"18","V",19,8.24681453515809,8.67579908675799,5.20182125802678
"19","W",5,1.40396413402548,2.28310502283105,62.6184720463528
"20","Y",5,3.84615384615385,2.28310502283105,-40.6392694063927
