"","AA","nonsyn","percent.nonsyn"
"1","A",11,3.91459074733096
"2","A",0,0
"3","A",13,4.62633451957295
"4","C",2,0.711743772241993
"5","C",0,0
"6","C",7,2.49110320284698
"7","D",7,2.49110320284698
"8","D",0,0
"9","D",8,2.84697508896797
"10","E",0,0
"11","E",0,0
"12","E",8,2.84697508896797
"13","F",3,1.06761565836299
"14","F",0,0
"15","F",11,3.91459074733096
"16","G",2,0.711743772241993
"17","G",0,0
"18","G",11,3.91459074733096
"19","H",10,3.55871886120996
"20","H",1,0.355871886120996
"21","H",0,0
"22","I",8,2.84697508896797
"23","I",0,0
"24","I",11,3.91459074733096
"25","K",0,0
"26","K",2,0.711743772241993
"27","K",7,2.49110320284698
"28","L",0,0
"29","L",0,0
"30","L",40,14.2348754448399
"31","M",1,0.355871886120996
"32","M",0,0
"33","M",0,0
"34","N",2,0.711743772241993
"35","N",0,0
"36","N",4,1.42348754448399
"37","P",0,0
"38","P",13,4.62633451957295
"39","P",3,1.06761565836299
"40","Q",1,0.355871886120996
"41","Q",1,0.355871886120996
"42","Q",7,2.49110320284698
"43","R",4,1.42348754448399
"44","R",1,0.355871886120996
"45","R",8,2.84697508896797
"46","S",5,1.77935943060498
"47","S",0,0
"48","S",11,3.91459074733096
"49","T",11,3.91459074733096
"50","T",0,0
"51","T",12,4.27046263345196
"52","V",12,4.27046263345196
"53","V",0,0
"54","V",15,5.33807829181495
"55","W",0,0
"56","Y",3,1.06761565836299
"57","Y",0,0
"58","Y",5,1.77935943060498
