"","codon","highFst","genome","difference"
"1","1",145,1928,14.5180394926577
"2","2",133,2325,-12.8952947456722
"3","3",4,41,48.5556132157066
