"","codon","highFst","genome","difference"
"1","1",78,1373,-33.7217771303714
"2","2",41,1483,-67.7455608001798
"3","3",208,908,167.254038179148
