"","codon","highFst","genome","difference"
"1","1",143,1946,11.3052415210689
"2","2",140,2344,-9.53244707510919
"3","3",3,42,8.19180819180819
