"","CpG","1A.x","3A.x","1A.y","3A.y","diff1","diff2","difference"
"1","0",229,233,3561,3592,-2.07886461090498,-1.2283008734935,-1.65358274219924
"2","1",53,49,733,702,10.0993681847648,6.28498110767613,8.19217464622048
