"","CpG","1A.x","1B.x","1A.y","1B.y","diff1","diff2","difference"
"1","0",289,284,3215,3201,4.8729911871436,3.50932000416537,4.19115559565449
"2","1",38,43,549,563,-19.2471159684274,-10.8940201302546,-15.070568049341
