"","CpG","1B.x","3A.x","1B.y","3A.y","diff1","diff2","difference"
"1","0",237,245,3598,3633,-0.227787776425905,2.14640850479001,0.959310364182052
"2","1",49,41,734,699,1.11659457708503,-11.1557969927069,-5.01960120781091
