"","test","G","Pvalue"
"1","gene",76.0736247728326,8.43214387202806e-12
"2","AA-ns",42.5352202829167,0.00149990603115047
"3","codon",5.39597404835341,0.0673409320642727
"4","nt",4.24540391483529,0.23615522424414
"5","CpG",0.703668743512903,0.401553682362384
