"","test","G","Pvalue"
"1","gene",98.9366462922739,3.33066907387547e-16
"2","AA-ns",53.9403082271623,3.37253446583974e-05
"3","codon",2.86480867677504,0.238734233765161
"4","nt",15.7669713809369,0.00126579505175206
"5","CpG",0.255744212393248,0.613059130700341
