"","test","G","Pvalue"
"1","gene",57.6073621424904,2.57120704727498e-08
"2","AA-ns",57.6073621424904,2.57120704727498e-08
"3","Type",57.6073621424904,2.57120704727498e-08
"4","codon",57.6073621424904,2.57120704727498e-08
"5","nt",57.6073621424904,2.57120704727498e-08
"6","CpG",57.6073621424904,2.57120704727498e-08
