"","nucleotide","highFst","genome","difference"
"1","a",88,1002,33.0262551819438
"2","c",66,982,1.80166066113113
"3","g",87,1289,2.23244559939672
"4","t",45,1059,-35.636601358981
