"","nucleotide","highFst","genome","difference"
"1","a",54,727,-13.3425034387895
"2","c",133,1138,36.3503222026948
"3","g",91,1167,-9.02599257355041
"4","t",49,732,-21.9034608378871
