"","nucleotide","highFst","genome","difference"
"1","a",78,991,19.8488524378985
"2","c",61,962,-3.44657259550877
"3","g",85,1282,0.958719199831821
"4","t",58,1059,-16.6040490493507
