"","Mutation.Type","Mean.diff"
"1","Overall",-0.000307545471593326
"2","Without Stop",-0.000204150964157109
"3","Stop",-0.00394421228314537
"4","Syn",0.000176163396011182
"5","Nonsyn",-0.000390536492104018
