"","Gene","counts","length","Proportion"
"1","Core","90",573,214.057196979663
"2","E1","34",576,18.0258933556672
"3","HVR1","4",81,-1.25938333643526
"4","E2","13",1008,-74.2128300231315
"5","NS1(P7)","2",189,-78.8412964292361
"6","NS2","3",651,-90.7857258643448
"7","NS3","63",1893,-33.4557096098559
"8","NS4A","1",162,-87.6574229170544
"9","NS4B","21",783,-46.3736306051329
"10","NS5A","38",1344,-43.4665888968653
"11","NS5B","129",1776,45.2337702023632
