"","AA","nonsyn","syn","genome.percent.nonsyn","percent.nonsyn","genome.percent.syn","percent.syn","diff.nonsyn"
"1","A",8,12,9.55406654343808,10.6666666666667,7.24574421649934,8.51063829787234,11.6453043127771
"2","C",0,9,3.70841035120148,0,4.8886948930598,6.38297872340426,-100
"3","D",3,13,4.88678373382625,4,5.89262330859887,9.21985815602837,-18.1465721040189
"4","E",1,6,4.27449168207024,1.33333333333333,4.71409864687909,4.25531914893617,-68.8072072072072
"5","F",2,7,3.36182994454714,2.66666666666667,4.14666084679179,4.9645390070922,-20.6781214203895
"6","G",2,15,9.76201478743068,2.66666666666667,7.50763858577041,10.6382978723404,-72.6832347140039
"7","H",3,5,2.31053604436229,4,2.00785683107813,3.54609929078014,73.12
"8","I",4,9,4.36691312384473,5.33333333333333,3.71017023134003,6.38297872340426,22.1305114638448
"9","K",3,4,3.39648798521257,4,4.53950240069839,2.83687943262411,17.7687074829932
"10","L",2,12,7.16266173752311,2.66666666666667,14.6660846791794,8.51063829787234,-62.7698924731183
"11","M",2,0,2.9228280961183,2.66666666666667,0,0,-8.76416337285902
"12","N",1,7,2.98059149722736,1.33333333333333,3.31732867743343,4.9645390070922,-55.266149870801
"13","P",4,11,8.27171903881701,5.33333333333333,5.97992143168922,7.80141843971631,-35.5232774674115
"14","Q",3,1,1.58271719038817,4,3.1863814927979,0.709219858156028,152.729927007299
"15","R",12,3,4.66728280961183,16,5.32518550851157,2.12765957446809,242.811881188119
"16","S",4,7,6.08826247689464,5.33333333333333,5.6307289393278,4.9645390070922,-12.3997469955724
"17","T",12,10,7.39371534195933,16,5.54343081623745,7.09219858156028,116.4
"18","V",7,5,8.20240295748614,9.33333333333333,6.80925360104758,3.54609929078014,13.7877934272301
"19","W",0,0,1.32855822550832,0,0,0,-100
"20","Y",2,5,3.77772643253235,2.66666666666667,4.8886948930598,3.54609929078014,-29.4108053007135
