"","AA","nonsyn","syn","genome.percent.nonsyn","percent.nonsyn","genome.percent.syn","percent.syn","diff.nonsyn"
"1","A",8,4,9.3028678013523,11.7647058823529,5.95238095238095,3.2258064516129,26.4632168656936
"2","C",0,8,3.82373513639543,0,5.12820512820513,6.45161290322581,-100
"3","D",3,10,4.79132664956866,4.41176470588235,5.21978021978022,8.06451612903226,-7.9218548733362
"4","E",0,9,4.17346700862672,0,4.71611721611722,7.25806451612903,-100
"5","F",1,5,3.2991373280485,1.47058823529412,3.2051282051282,4.03225806451613,-55.4250675535232
"6","G",2,8,10.0139892748893,2.94117647058824,7.92124542124542,6.45161290322581,-70.6293227419023
"7","H",2,7,2.30823035672651,2.94117647058824,2.56410256410256,5.64516129032258,27.4212715389186
"8","I",6,2,4.34833294474236,8.82352941176471,3.43406593406593,1.61290322580645,102.917520895758
"9","K",4,6,3.35742597342038,5.88235294117647,4.16666666666667,4.83870967741935,75.2042483660131
"10","L",0,13,7.34436931685708,0,14.2399267399267,10.4838709677419,-100
"11","M",2,0,2.98437864304034,2.94117647058824,0,0,-1.44761029411765
"12","N",3,11,2.93774772674283,4.41176470588235,4.25824175824176,8.87096774193548,50.1750700280112
"13","P",2,11,8.28864537188156,2.94117647058824,5.9981684981685,8.87096774193548,-64.5155952676429
"14","Q",2,3,1.65539752856144,2.94117647058824,3.25091575091575,2.41935483870968,77.6719138359569
"15","R",8,4,4.66309162975052,11.7647058823529,5.26556776556777,3.2258064516129,152.294117647059
"16","S",8,7,6.16693868034507,11.7647058823529,6.5018315018315,5.64516129032258,90.7705993550539
"17","T",8,7,7.20447656796456,11.7647058823529,6.31868131868132,5.64516129032258,63.2971635256044
"18","V",7,8,8.14875262298904,10.2941176470588,7.6007326007326,6.45161290322581,26.327526718842
"19","W",0,0,1.38726975985078,0,0,0,-100
"20","Y",2,1,3.80041967824668,2.94117647058824,4.25824175824176,0.806451612903226,-22.6091663659329
