"","AA","nonsyn","syn","genome.percent.nonsyn","percent.nonsyn","genome.percent.syn","percent.syn","diff.nonsyn"
"1","A",11,14,9.61377870563674,14.6666666666667,7.00507614213198,7.25388601036269,52.5588128845458
"2","C",0,15,3.82045929018789,0,4.83925549915398,7.7720207253886,-100
"3","D",3,7,4.60334029227557,4,5.27918781725888,3.62694300518135,-13.1065759637188
"4","E",1,10,4.18580375782881,1.33333333333333,5.34686971235195,5.18134715025907,-68.1463009143807
"5","F",3,9,3.1419624217119,4,3.68866328257191,4.66321243523316,27.3089700996678
"6","G",0,11,9.25887265135699,0,7.64805414551607,5.69948186528497,-100
"7","H",1,9,2.41127348643006,1.33333333333333,2.36886632825719,4.66321243523316,-44.7041847041847
"8","I",9,7,4.39457202505219,12,3.85786802030457,3.62694300518135,173.064133016627
"9","K",1,6,3.28810020876827,1.33333333333333,3.48561759729272,3.10880829015544,-59.4497354497354
"10","L",1,26,7.27557411273486,1.33333333333333,14.7208121827411,13.4715025906736,-81.6738402678144
"11","M",1,0,2.96450939457202,1.33333333333333,0,0,-55.0234741784038
"12","N",1,5,2.99582463465553,1.33333333333333,3.31641285956007,2.59067357512953,-55.4936120789779
"13","P",1,11,7.7035490605428,1.33333333333333,6.19289340101523,5.69948186528497,-82.6919602529359
"14","Q",1,6,1.5553235908142,1.33333333333333,2.7072758037225,3.10880829015544,-14.2729306487696
"15","R",8,10,5.20876826722338,10.6666666666667,5.85448392554992,5.18134715025907,104.782899131597
"16","S",7,9,6.57620041753653,9.33333333333333,5.92216582064298,4.66321243523316,41.9259259259259
"17","T",9,13,7.71398747390397,12,6.22673434856176,6.73575129533679,55.5615696887686
"18","V",16,16,8.51774530271399,21.3333333333333,7.88494077834179,8.29015544041451,150.457516339869
"19","W",0,0,1.21085594989562,0,0,0,-100
"20","Y",1,9,3.55949895615866,1.33333333333333,3.65482233502538,4.66321243523316,-62.5415444770283
