"","AA","highFst","highF.percent","genome.percent","diff"
"1","A",25,0.0929368029739777,0.0872119993814752,6.56423844551661
"2","C",15,0.0557620817843866,0.0393536415648678,41.6948459330563
"3","D",10,0.0371747211895911,0.0461574145662595,-19.4609976773583
"4","E",11,0.0408921933085502,0.0432194216792949,-5.38468188679999
"5","F",12,0.0446096654275093,0.0316993969383021,40.7271738144891
"6","G",11,0.0408921933085502,0.086052265347147,-52.4798177670451
"7","H",10,0.0371747211895911,0.0232719962888511,59.7401474638442
"8","I",16,0.0594795539033457,0.0413638472243699,43.7959906889483
"9","K",7,0.0260223048327138,0.0323179217566105,-19.4802653812632
"10","L",27,0.100371747211896,0.0875212617906293,14.6827012755002
"11","M",1,0.00371747211895911,0.0219576310499459,-83.0697942300644
"12","N",6,0.0223048327137546,0.0297665068810886,-25.0673490078695
"13","P",12,0.0446096654275093,0.071207669707747,-37.3527239262318
"14","Q",8,0.0297397769516729,0.0291479820627803,2.0303116957392
"15","R",18,0.0669144981412639,0.0533477655790939,25.4307418781316
"16","S",16,0.0594795539033457,0.0622390598422762,-4.43372047380453
"17","T",22,0.0817843866171004,0.0713623009123241,14.6044698272564
"18","V",32,0.118959107806691,0.0811040668006804,46.6746520850093
"19","W",0,0,0.0269831451987011,-100
"20","Y",10,0.0371747211895911,0.0347147054275553,7.08637948021626
