"","AA","highFst","highF.percent","genome.percent","diff"
"1","A",20,0.0917431192660551,0.0877673678628248,4.52987425741659
"2","C",9,0.0412844036697248,0.0382711684638501,7.87338178274043
"3","D",16,0.073394495412844,0.0493194272582641,48.8145736739995
"4","E",7,0.0321100917431193,0.0422485416298391,-23.9971594180646
"5","F",9,0.0412844036697248,0.0341170231571504,21.0082236060275
"6","G",17,0.0779816513761468,0.0898886335513523,-13.2463713205777
"7","H",8,0.036697247706422,0.0217429733074068,68.7775042888044
"8","I",13,0.0596330275229358,0.0409227505745095,45.720966175917
"9","K",7,0.0321100917431193,0.0351776560014142,-8.72020653727352
"10","L",14,0.0642201834862385,0.0844970832596783,-23.9971594180646
"11","M",2,0.00917431192660551,0.0223616757998939,-58.9730572578598
"12","N",8,0.036697247706422,0.0295209474986742,24.3091798055266
"13","P",15,0.0688073394495413,0.0753933180130811,-8.73549372425438
"14","Q",5,0.0229357798165138,0.0298744917800955,-23.2262092177406
"15","R",15,0.0688073394495413,0.0475517058511579,44.7000443368234
"16","S",11,0.0504587155963303,0.0579812621530847,-12.9740993510853
"17","T",22,0.100917431192661,0.0677921159625243,48.8630790761097
"18","V",12,0.055045871559633,0.0765423369277002,-28.0844121448397
"19","W",1,0.00458715596330275,0.0302280360615167,-84.8248296582435
"20","Y",7,0.0321100917431193,0.038801484885982,-17.245198637437
