"","codon","highFst","genome","difference"
"1","1",74,2131,-30.3790531383211
"2","2",43,2401,-64.0939235691422
"3","3",169,1202,181.886250189079
