"","codon","highFst","genome","difference"
"1","1",86,2419,-28.7222839574065
"2","2",38,2604,-70.742729369542
"3","3",203,1533,165.488109700753
