"","codon","highFst","genome","difference"
"1","1",81,2113,-23.1686318736092
"2","2",35,2384,-70.5751106668571
"3","3",166,1155,188.057474440453
