"","CpG","1A.x","1B.x","1A.y","1B.y","diff1","diff2","difference"
"1","0",289,284,5616,5615,3.17202052676059,1.40509393525969,2.28855723101014
"2","1",38,43,940,941,-18.9511354024335,-8.38427465088542,-13.6677050266594
