"","CpG","1A.x","3A.x","1A.y","3A.y","diff1","diff2","difference"
"1","0",250,248,4824,4864,3.8689531068064,2.19064949608063,3.02980130144351
"2","1",32,34,828,788,-22.540857230959,-13.5219786154012,-18.0314179231801
