"","CpG","1B.x","3A.x","1B.y","3A.y","diff1","diff2","difference"
"1","0",246,253,4882,4931,1.02502986566895,2.86726050262858,1.94614518414877
"2","1",40,33,852,803,-5.87346925375095,-17.6070504837628,-11.7402598687569
