"","test","G","Pvalue"
"1","gene",31.0941114895693,0.0010642650018281
"2","AA-ns",28.3861034168922,0.0762746480064173
"3","AA-syn",10.0629115953429,0.951376786284861
"4","Type",437.128993824297,0
"5","codon",196.610329601373,0
"6","nt",16.8709721189836,0.000751263355110665
"7","CpG",1.27324519779193,0.259158764715318
