"","test","G","Pvalue"
"1","gene",31.3918955961449,0.00095420458251827
"2","AA-ns",40.354077319672,0.00293938463309562
"3","AA-syn",10.4617349681718,0.940621705821954
"4","Type",430.478230295048,0
"5","codon",210.396866614984,0
"6","nt",3.47888509176176,0.323510996898313
"7","CpG",3.12170587949022,0.0772558670888936
