"","test","G","Pvalue"
"1","gene",57.6073621424904,2.57120704727498e-08
"2","AA-ns",57.6073621424904,2.57120704727498e-08
"3","AA-syn",57.6073621424904,2.57120704727498e-08
"4","Type",9.56635889315506,0.962844604295126
"5","codon",57.6073621424904,2.57120704727498e-08
"6","nt",57.6073621424904,2.57120704727498e-08
"7","CpG",220.960694176834,0
