"","nucleotide","highFst","genome","difference"
"1","a",58,1242,-6.37375841471041
"2","c",126,2001,26.2451343135772
"3","g",88,1981,-10.9386264312189
"4","t",55,1332,-17.2153805181328
