"","nucleotide","highFst","genome","difference"
"1","a",51,1067,-4.20147959081936
"2","c",96,1638,17.4655132101941
"3","g",81,1714,-5.28315002855085
"4","t",54,1233,-12.2223947817984
