"","nucleotide","highFst","genome","difference"
"1","a",41,1094,-24.8622492680994
"2","c",116,1673,39.0124519831633
"3","g",78,1736,-9.91830749895265
"4","t",51,1231,-16.9377332659217
