"","Type","1A","3A","genome.1A","genome.3A","difference1","difference2","difference"
"1","nonsyn",109,106,4342,4348,-49.6858982525946,-51.1382097907573,-50.412054021676
"2","stop",2,3,186,187,-78.4488675360329,-67.8461713505518,-73.1475194432924
"3","syn",171,173,1124,1117,204.917846596502,210.417341282691,207.667593939596
