"","Type","1A","1B","genome.1A","genome.1B","difference1","difference2","difference"
"1","nonsyn",104,108,4850,4848,-57.0084807213342,-55.3365428285948,-56.1725117749645
"2","stop",4,2,202,197,-60.2991491809731,-79.6457566866918,-69.9724529338325
"3","syn",219,217,1504,1511,191.935877415577,187.929698014762,189.93278771517
