"","Type","1B","3A","genome.1B","genome.3A","difference1","difference2","difference"
"1","nonsyn",107,106,4379,4377,-51.0107841462032,-51.4464516520719,-51.2286178991376
"2","stop",2,3,183,184,-78.0885780885781,-67.3114928549711,-72.7000354717746
"3","syn",177,177,1172,1173,202.787059357025,202.52892887164,202.657994114333
