"","mean","se"
"syn_all",0.00124798109469468,4.20508662475675e-05
"syn_allCpG",0.00194759156577705,0.000122600294733235
"syn_allnonCpG",0.00192487082230814,0.000119214505359907
"nonsyn_all",0.00339120136849865,2.99089908403227e-05
"nonsyn_allCpG",0.00465685268970774,5.23838609046801e-05
"nonsyn_allnonCpG",0.00444083787390123,5.36988327052894e-05
"stop_all",0.00252863849042053,5.85148613646384e-05
"stop_allCpG",NA,NA
"stop_allnonCpG",NA,NA
