"","syn.cpg","syn.cpg.se","syn.ncpg","syn.ncpg.se","ns.cpg","ns.cpg.se","ns.ncpg","ns.ncpg.se","stop.ncpg","stop.ncpg.se"
"a",0.00195036647538603,7.70442745522651e-05,0.0019604298941087,0.000162158715286784,0.00452351382980254,6.1875191116687e-05,0.00444055519868889,8.72238284192332e-05,NA,NA
"t",0.00194585530948541,0.000193635505341335,0.00190429040061535,0.000163334618526733,0.00479262696257925,8.44815277011763e-05,0.00444114664786529,5.96124589707086e-05,NA,NA
"c",NA,NA,0.000873609170961462,1.72657952079457e-05,NA,NA,0.00251391646607341,3.40497927277969e-05,0.00262758742711908,0.000103402920082344
"g",NA,NA,0.00111220905228317,0.000116419732184588,NA,NA,0.00225451505911961,5.5597331594059e-05,0.00245481944240733,6.66142383391239e-05
