"","Gene","Total","SC","SC.se","MF","MF.se","meanMF_syn","menaMF_ns","a","t","c","g","CpG","noCpG","codon1","codon2","codon3"
"1","NS3",21,0.00285126794662424,0.000324270933998563,0.00427974540684746,0.000500931681752311,0.00659513789552495,0.00373494717421746,7,4,5,5,4,7,9,9,3
"2","NS5A",15,0.00293472709987598,0.000431434779057805,0.00474666374503521,0.000741505948648808,0.00733708507276237,0.00380469235313442,7,2,3,3,3,6,6,6,3
"3","NS5B",7,0.00397956071334948,0.000349437070097215,0.00250656229902803,0.000692607717305255,NA,0.00250656229902803,1,2,1,3,1,2,3,4,0
