"","Gene","Total","SC","SC.se","MF","MF.se","meanMF_syn","menaMF_ns","a","t","c","g","CpG","noCpG","codon1","codon2","codon3"
"1","NS3",1781,0.00265928894204924,4.34296492395826e-05,0.00491526576948459,9.18993765944284e-05,0.00861962422774649,0.00308019314952277,361,367,553,500,276,452,588,614,579
"2","NS5A",1235,0.00257373197458023,4.9307929167759e-05,0.00484242060506745,0.000106497401608098,0.00794263293887443,0.00340618479639621,246,253,387,349,163,336,424,425,386
"3","NS5B",919,0.00291305138670441,5.98079563723743e-05,0.00438375864463551,0.000111921288544106,0.00680172930502527,0.00316487981746686,229,186,255,249,147,268,307,313,299
