,Genotype,Mean,SE,SD
Total,1A,0.010527034,0.000108797,0.009955353
Transition,1A,0.008877361,9.70E-05,0.008878433
Transversion,1A,0.001649672,2.95E-05,0.002696562
Total,1B,0.00904451,0.000121711,0.01110712
Transition,1B,0.007670776,0.000111348,0.01016139
Transversion,1B,0.001373733,3.63E-05,0.003313943
Total,3A,0.008103202,9.91E-05,0.009076308
Transition,3A,0.006861637,8.89E-05,0.008138593
Transversion,3A,0.001241565,3.17E-05,0.002903002