"","Gene","Proportion","Counts","No.Sites"
"1","Core",0.216919739696312,1,461
"2","E1",1.37741046831956,5,363
"3","HVR1",8.69565217391304,2,23
"4","E2",0.596125186289121,4,671
"5","NS1(P7)",0.970873786407767,1,103
"6","NS2",2.18579234972678,8,366
"7","NS3",0.703674745895231,9,1279
"8","NS4A",2.85714285714286,3,105
"9","NS4B",1.55339805825243,8,515
"10","NS5A",1.20627261761158,10,829
"11","NS5B",0.93603744149766,6,641
