"","Gene","Proportion","Counts","No.Sites"
"1","Core",0.383141762452107,2,522
"2","E1",0.702576112412178,3,427
"3","HVR1",6.25,2,32
"4","E2",1.61943319838057,12,741
"5","NS1(P7)",1.44927536231884,2,138
"6","NS2",2.04545454545455,9,440
"7","NS3",0.742741390952059,11,1481
"8","NS4A",0.714285714285714,1,140
"9","NS4B",1.21107266435986,7,578
"10","NS5A",1.21827411167513,12,985
"11","NS5B",0.519480519480519,4,770
