"","Gene","Proportion","Counts","No.Sites"
"1","Core",8.33333333333333,2,24
"2","E1",14.2857142857143,5,35
"3","HVR1",75,3,4
"4","E2",38.6363636363636,17,44
"5","NS1(P7)",30,3,10
"6","NS2",27.2727272727273,9,33
"7","NS3",23.2558139534884,20,86
"8","NS4A",12.5,1,8
"9","NS4B",9.09090909090909,4,44
"10","NS5A",16.8539325842697,15,89
"11","NS5B",10,4,40
