"","Gene","Proportion","Counts","No.Sites"
"1","Core",12.5,2,16
"2","E1",17.1428571428571,6,35
"3","HVR1",100,3,3
"4","E2",28.8461538461538,15,52
"5","NS1(P7)",16.6666666666667,2,12
"6","NS2",29.0322580645161,9,31
"7","NS3",15.3846153846154,14,91
"8","NS4A",30,3,10
"9","NS4B",20,8,40
"10","NS5A",13.953488372093,12,86
"11","NS5B",21.9512195121951,9,41
