"","Gene","Proportion","Counts","No.Sites"
"1","Core",11.1111111111111,2,18
"2","E1",34.6153846153846,9,26
"3","HVR1",60,3,5
"4","E2",17.3333333333333,13,75
"5","NS1(P7)",0,0,16
"6","NS2",19.5121951219512,8,41
"7","NS3",13,13,100
"8","NS4A",44.4444444444444,4,9
"9","NS4B",9.75609756097561,4,41
"10","NS5A",26.7857142857143,15,56
"11","NS5B",41.3793103448276,12,29
