"","Gene","Proportion","Counts","No.Sites"
"1","Core",2.16998191681736,12,553
"2","E1",5.48446069469835,30,547
"3","HVR1",11.1111111111111,5,45
"4","E2",6.37149028077754,59,926
"5","NS1(P7)",7.01754385964912,12,171
"6","NS2",5.62913907284768,34,604
"7","NS3",5.23619806488332,92,1757
"8","NS4A",6.66666666666667,10,150
"9","NS4B",5.71827057182706,41,717
"10","NS5A",6.40599001663893,77,1202
"11","NS5B",5.08474576271187,45,885
