"","Gene","Proportion","Counts","No.Sites"
"1","Core",3.10786106032907,17,547
"2","E1",6.50557620817844,35,538
"3","HVR1",16.2162162162162,6,37
"4","E2",7.3224043715847,67,915
"5","NS1(P7)",5.45454545454545,9,165
"6","NS2",7.23905723905724,43,594
"7","NS3",4.88225157955198,85,1741
"8","NS4A",5.36912751677852,8,149
"9","NS4B",6.45161290322581,46,713
"10","NS5A",5.15378221113882,62,1203
"11","NS5B",4.38695163104612,39,889
