"","type","Genotype","Type","Mean","SE"
"1","mean.1A","1A","Transition",0.00800011949433896,9.39217661918106e-05
"2","mean.1B","1B","Transition",0.00756225740489713,0.000111146150258174
"3","mean.3A","3A","Transition",0.00692481415201677,9.41407755283282e-05
"4","mean.tvs.1A","1A","Transversion",0.00144983651319242,2.6864760531572e-05
"5","mean.tvs.1B","1B","Transversion",0.00132780467805755,3.58871078005157e-05
"6","mean.tvs.3A","3A","Transversion",0.00122230230632455,3.15498160368577e-05
"7","mean.all.1A","1A","Total MV",0.00944995600722168,0.000104483630633766
"8","mean.all.1B","1B","Total MV",0.00889006208295468,0.000120435096681554
"9","mean.all.3A","3A","Total MV",0.00814711645834132,0.00010319288393832
