"","genotype","ratio"
"1","1A",0.311027456470889
"2","1B",0.328148199437426
"3","3A",0.347759588468638
