"","type","Genotype","Type","Mean","SE"
"1","mean.1A","1A","Transition",0.00668158739078775,8.08105546314333e-05
"2","mean.1B","1B","Transition",0.00656865770670523,9.86254921506337e-05
"3","mean.3A","3A","Transition",0.00604485501055108,8.71547816926385e-05
"4","mean.tvs.1A","1A","Transversion",0.00121642693622649,2.08929262645231e-05
"5","mean.tvs.1B","1B","Transversion",0.00116632772187118,3.09506560342431e-05
"6","mean.tvs.3A","3A","Transversion",0.00105781445530614,2.6296046849789e-05
"7","mean.all.1A","1A","Total MV",0.0078980143268657,8.77359274302971e-05
"8","mean.all.1B","1B","Total MV",0.00773498542857641,0.000105678548810942
"9","mean.all.3A","3A","Total MV",0.00710266946585722,9.32907317496405e-05
