"","gene","test","P.value"
"1","Core","greater",2.35415791955479e-26
"2","E1","greater",5.0581224599826e-42
"3","HVR1","greater",0.087466419557024
"4","E2","greater",1.36078580803647e-91
"5","NS1","greater",6.19378030153052e-12
"6","NS2","greater",1.34544794884448e-47
"7","NS3","greater",2.41302465324521e-185
"8","NS4A","greater",6.69095501696252e-14
"9","NS4B","greater",5.34088204203839e-75
"10","NS5A","greater",5.82887402805572e-90
"11","NS5B","greater",2.23412558790531e-41
