"","mean","se"
"syn_all",0.00292020747286092,4.13294627966517e-05
"syn_allCpG",0.00617312382775202,7.1992411440711e-06
"syn_allnonCpG",0.00616806129263461,5.67712745399953e-06
"nonsyn_all",0.00377568157552108,3.22121708548034e-05
"nonsyn_allCpG",0.00620277599907795,4.22595671258809e-06
"nonsyn_allnonCpG",0.00620600673323527,3.1266358672972e-06
"stop_all",0.00155911674609584,4.53988476551881e-06
"stop_allCpG",NA,NA
"stop_allnonCpG",NA,NA
