"","syn","nonsyn","stop","syn_se","nonsyn_se","stop_se","syn_noncpg","nonsyn_noncpg","stop_noncpg","syn_noncpg_se","nonsyn_noncpg_se","stop_noncpg_se","syn_cpg","nonsyn_cpg","stop_cpg","syn_cpg_se","nonsyn_cpg_se","stop_cpg_se"
"a",0.0110111239659484,0.00461101803540249,NA,0.000237460602805811,5.59133722623222e-05,NA,0.0113892911452209,0.00476998639843382,NA,0.000308206728678316,7.47390780394952e-05,NA,0.0104472496897117,0.00431380078137538,NA,0.000367682286167152,7.70101676619254e-05,NA
"t",0.0124938161791411,0.00419359076353323,NA,0.000211846240302682,4.64809694190834e-05,NA,0.012737270041937,0.00434099080484998,NA,0.000273740686224126,6.112739863375e-05,NA,0.0120982036520976,0.00393188744943612,NA,0.000332543266059584,6.80317700377634e-05,NA
"c",0.00704820250080587,0.00230829650485452,0.00216703041250681,0.000116798692079369,4.5302152436295e-05,0.000189852907136069,0.00704820250080587,0.00230829650485452,0.00216703041250681,0.000116798692079369,4.5302152436295e-05,0.000189852907136069,NA,NA,NA,NA,NA,NA
"g",0.00564447517816256,0.00245335664513719,0.00191737898936655,0.000109232079042367,4.27700711641895e-05,7.58433702359396e-05,0.00564447517816256,0.00245335664513719,0.00191737898936655,0.000109232079042367,4.27700711641895e-05,7.58433702359396e-05,NA,NA,NA,NA,NA,NA
